Unnamed: 0,row ID,smiles,row m/z,match_id,match_smiles,mps,pair_similarity,pp,mps_pp,mcs
3372,69,CC(C)[C@H]1[C@@H](O)C2C(=C3C(=CC=2)C[C@@H](C)OC3=O)O1,263.1282349,CCMSLIB00004679306, CC1C2CCC(=C3C(C2OC1=O)C(=CC3=O)CO)C,34,0.675579822,0.641509434,34,0.5555555555555556
1192,13,[H][C@]12C3C(=CC(=C4C=3OC3C(=C(C=CC=3OC)O)C4=O)OC)O[C@@]1([H])OC=C2,355.0809326,CCMSLIB00005721072, O=C1C2=C(C(OC)=CC=C2O)OC3=C4C(O[C@]5([H])[C@@]4([H])C=CO5)=CC(OC)=C31,11,0.699687075,0.733333333,11,1.0
536,11,[H][C@]12C3C(=CC(=C4C=3OC3C(=C(C=CC=3)O)C4=O)OC)O[C@@]1([H])OC=C2,325.0701904,CCMSLIB00003135780,COC1=C2C(=C3[C@@H]4C=CO[C@@H]4OC3=C1)OC5=CC=CC(=C5C2=O)O,10,0.962434068,0.357142857,10,1.0
3827,79,CCCCC1C(OC)=CC(=O)OC=1CO,213.1111908,CCMSLIB00009946582,C(CCCCCC(=O)O)CCCCC(=O)O,45,0.710422017,0.5625,45,0.5789473684210527
3910,81,CCC(CC1C(OC)=CC(=O)OC=1C)O,213.112381,CCMSLIB00009946582,C(CCCCCC(=O)O)CCCCC(=O)O,41,0.730507994,0.602941176,41,0.5789473684210527
3943,83,CCCC(C1C(OC)=CC(=O)OC=1C)O,213.1116333,CCMSLIB00009920323,CCC=CC[C@H]1C(=O)CC[C@@H]1CC(=O)O,49,0.615149084,0.7,49,0.5
3799,77,CCCCC1C(OC)=CC(=O)OC=1C,197.1167603,CCMSLIB00009931301,CCCCCC1C(O1)C/C=C\CCCCCCCC(=O)O,9,0.693922656,0.134328358,9,0.34615384615384615
4097,86,[C@]([H])12[C@@](C)(C)CCC[C@]1(C)[C@@H](CO)C(C)=CC2=O,237.1847382,CCMSLIB00009972352,CC[C@H](C[C@@H]1C(=C[C@@H]2CCCC[C@@H]2[C@@]1(C)C(=O)O)C)O,47,0.855447995,0.758064516,47,0.56
4582,94,COC(=O)C12OC3C(C(=O)C1=C(O)CC(C)C2O)=C(O)C(C1C=CC2OC4(C(O)C(C)CC(O)=C4C(=O)C=2C=1O)C(=O)OC)=CC=3,639.1755371,CCMSLIB00004751495,C[C@@H]1CC(=O)C2=C(C3=C(C=CC(=C3O)C4=C(C5=C(C=C4)O[C@@]6([C@H]([C@@H](CC(=O)C6=C5O)C)O)C(=O)OC)O)O[C@@]2([C@H]1O)C(=O)OC)O,18,0.73511923,0.486486486,18,0.8545454545454545
4598,95,COC(=O)C12OC3C(C(=O)C1=C(O)CC(C)C2O)=C(O)C(C1C=CC2OC4(C(O)C(C)CC(O)=C4C(=O)C=2C=1O)C(=O)OC)=CC=3,661.1564941,CCMSLIB00005720142,C[C@@H]1CC(=O)C2=C(c3c(ccc(c3O)c3c(c4c(cc3)O[C@@]3([C@H]([C@@H](CC(=O)C3=C4O)C)O)C(=O)OC)O)O[C@@]2([C@H]1O)C(=O)OC)O,6,0.837256259,0.75,6,0.8545454545454545
118,2,O=C([C@]([H])(C)NC/1=O)NC1=C/C2=C(C(C)(C)C=C)NC3=CC=CC=C32,324.1702271,CCMSLIB00000845126,C[C@@H]1NC(=O)\C(NC1=O)=C\C2=C(NC3=CC=CC=C23)C(C)(C)C=C,38,0.833978686,0.603174603,38,1.0
3027,52,COC1C=C2C(C(C3C(O)=C4C(OC5C4CCO5)=CC=3C2=O)=O)=C(OC)C=1,369.0978088,CCMSLIB00005727390,C[C@]12CCC[C@H](O1)C3=C(O2)C=C4C(=C3O)C(=O)C5=C(C=C(C=C5C4=O)O)O,6,0.721286481,0.125,6,0.8235294117647058
4296,91,COC1C([C@@H](OC(=O)C)CC(C)C)=CC=C2C=1C(OCC1C=C(C)C=C(O)C=1O2)=O,437.1555176,CCMSLIB00009969741,CC1=CC(=C2C(=C1)COC(=O)C3=C(O2)C=CC(=C3OC)C(CC(C)C)OC(=O)C)O,24,0.842541148,0.233009709,24,1.0
1485,32,OC1=CC(O)=C(C2=O)C(CC(O[C@H](CCCCC2)C)=O)=C1,293.1387329,CCMSLIB00004692097,C[C@H](CCC(O)=O)[C@H]1CC[C@H]2[C@]3([H])[C@@H](O)C[C@@H]4CCCC[C@]4(C)[C@H]3C[C@@H](O)[C@@]21C,50,0.847659421,0.704225352,50,0.5588235294117647
1734,41,C[C@H](/C=C/[C@H](C)C(C)C)[C@@]1([H])CC[C@@]2([H])[C@@]34C=C[C@@]5(OO4)C[C@@H](O)CC[C@]5(C)[C@@]3([H])CC[C@@]21C,429.3345947,CCMSLIB00004713705,C[C@H](CO)C/1=C(O)/C(=O)[C@@]2(C)C/C=C(C)/CC/C=C(C)/CC[C@H](O)/C(=C/C[C@H]12)C,99,0.771063568,0.559322034,99,0.3829787234042553
1347,21,O=C1CC[C@@]2(C[C@@H](OC(/C(C)=CC)=O)[C@@]([C@@]3(C(O[C@H](C)[C@@]34C(O5)=O)=O)C([C@@]5(C)[C@H]6OC(C)=O)=C)(C)[C@]6(O4)C2=C)C(C)(C)O1,599.2472534,CCMSLIB00004713390,C[C@H]1[C@@H]([C@H]([C@H]([C@@H](O1)OCC2C(C(C(C(O2)OC3=C(OC4=CC(=CC(=C4C3=O)O)O)C5=CC(=C(C=C5)O)OC)O)O)O)O)O)O,114,0.595365455,0.735483871,114,0.4117647058823529
1429,27,O=C(C(NC/1=O)=C)NC1=C/C2=C(C(C)(C)C=C)NC3=CC=CC=C32,322.15625,CCMSLIB00010005944,C[C@H]1C(=O)N/C(=C\C2=C(NC3=CC=CC=C32)C(C)(C)C=C)/C(=O)N1,20,0.939357661,0.540540541,20,0.9259259259259259
5005,98,CC(C)CC1NC(=O)C2CCCN2C1=O,211.144516,CCMSLIB00000007050,CC(C)C[C@H]1C(=O)N2CCC[C@H]2C(=O)N1,13,0.950051116,0.722222222,13,1.0
1542,37,O=C(CO)C1=CNC2=CC=CC=C21,176.0708618,CCMSLIB00010012156,C1=CC=C2C(=C1)C(=CN2)CC(=O)O,6,0.953546411,0.545454545,6,0.8666666666666667
164,4,C(O)(=O)C1=CC=C([C@](O)(C)CCCC(C)=C)C(O)=C1,287.1239929,CCMSLIB00009976970,CC(=C)[C@H]1CC2=C(O1)C=CC3=C2O[C@@H]4COC5=CC(=C(C=C5[C@@H]4C3=O)OC)OC,11,0.866249227,0.070967742,11,0.4857142857142857
1889,45,CC(O[C@H](C(C)(C)[C@@H]1CC/C(C)=C/CC/C(C)=C/CC2=C(O)C=C(C)OC2=O)CCC1=C)=O,457.293396,CCMSLIB00000852717,CC(=O)O[C@H]1CC[C@@]2(C)[C@@H](CC[C@]3(C)[C@@H]2CC[C@]4(C)O\C5=C(/C[C@@H]34)C(=O)\C=C(C)/O5)C1(C)C,35,0.975797351,0.714285714,35,0.2909090909090909
459,9,[H][C@]12C3C(=CC(=C4C=3OC3C(=C(C=CC=3)O)C4=O)OC)O[C@@]1([H])OCC2,327.0848999,CCMSLIB00010108961,COc1cc(O)c2c(=O)cc(-c3ccccc3)oc2c1,5,0.852707249,0.208333333,5,0.6129032258064516
3125,58,[H][C@]12C(C)(CCC[C@@]1(C3(C(COC3=O)=C[C@H]2OC(/C=C/C=C/C)=O)O)C)C,383.1839294,CCMSLIB00000855714,CC[C@H](C)\C=C(C)\C=C\C1=C\C\2=C\C(=O)[C@]3(C)OC(=O)[C@H]([C@@H]3C2=C/O1)C(C)=O,15,0.5361399,0.6,15,0.4146341463414634
3714,71,O=C1C=C[C@@]2(CC[C@@]([C@@]3(C(O[C@H](C)[C@@]34C(O5)=O)=O)C([C@@]5(C)[C@H]6O)=C)(C)[C@]6(O4)C2=C)C(C)(C)O1,457.1876831,CCMSLIB00005742538,OC1COC(O)(CNC(CCC(O)=O)C(=O)NC(CC2=CC=CC=C2)C(O)=O)C(O)C1O,13,0.624957366,0.062801932,13,0.5434782608695652
4613,96,O=C(C1=C(O2)C=C(C)C(OC)=C1C(OC)=O)C3=C2C=CC=C3O,315.0882263,CCMSLIB00000848932,COC(=O)C1=C(C(=O)C2=C(O)C=C(C)C=C2O)C(O)=CC(OC)=C1,10,0.897082466,0.666666667,10,0.7857142857142857
374,7,COC1C=CC=C2C=1C(C1C(O)=C3C(OC4C3CCO4)=CC=1O2)=O,327.0853577,CCMSLIB00010108961,COc1cc(O)c2c(=O)cc(-c3ccccc3)oc2c1,6,0.603383056,0.162162162,6,0.7241379310344828
1896,47,COC1C=CC=C2C=1C(C1C(O)=C3C(OC4C3C=CO4)=CC=1O2)=O,325.072052,CCMSLIB00005725543,COC1=C2C(=C3[C@@H]4C=CO[C@@H]4OC3=C1)OC5=CC=CC(=C5C2=O)O,5,0.786496588,0.104166667,5,0.75
188,5,COC1C=C(O)C=C2C=1C(C1C(O)=C3C(OC4(OC3CCC4)C)=CC=1C2=O)=O,383.1125488,CCMSLIB00005721075,O=C1C2=C(C=C(O[C@]3(C)O[C@H]4CCC3)C4=C2O)C(C5=CC(O)=CC(OC)=C51)=O,9,0.954343288,0.529411765,9,1.0
3267,65,CCC[C@H](C[C@@H]1[C@@H](O)C2C(=C(C(=C(C=2)OC)OC)O)C(=O)O1)O,327.1458435,CCMSLIB00010116150,COc1cc2c(cc1O)CC1c3c(cc(O)c(OC)c3-2)CCN1C,22,0.51133541,0.23655914,22,0.7
1320,18,[H][C@@]12C(C)=CC(=O)[C@]1([H])/C(/C=O)=CC[C@@]([H])1C(CC[C@@]1(C(/C=CC=C(/C)C)C)[H])(C)C2,367.263916,CCMSLIB00009939800,O=C(OC)C=1C(O)=C2C=CC=CC2=C3OC(C=CC31)(C)C,103,0.557519191,0.56284153,103,0.4857142857142857
1815,43,O[C@H](C(C)(C)[C@@H]1CC/C(C)=C/CC/C(C)=C/CC2=C(O)C=C(C)OC2=O)CCC1=C,415.2817688,CCMSLIB00009972376,O=C1C=2C(O)=CC(O)=CC2OC(C3=CC=C(OC)C(O)=C3)C1,34,0.814166324,0.723404255,34,0.30952380952380953
